1no@mail.me,I dont know the number 1
2no@mail.me,I dont know the number 2
3no@mail.me,I dont know the number 3
4no@mail.me,I dont know the number 4
5no@mail.me,I dont know the number 5
6no@mail.me,I dont know the number 6
7no@mail.me,I dont know the number 7
8no@mail.me,I dont know the number 8
9no@mail.me,I dont know the number 9
10no@mail.me,I dont know the number 10
11no@mail.me,I dont know the number 11
12no@mail.me,I dont know the number 12
13no@mail.me,I dont know the number 13
14no@mail.me,I dont know the number 14
15no@mail.me,I dont know the number 15
16no@mail.me,I dont know the number 16
17no@mail.me,I dont know the number 17
18no@mail.me,I dont know the number 18
19no@mail.me,I dont know the number 19
20no@mail.me,I dont know the number 20
21no@mail.me,I dont know the number 21
22no@mail.me,I dont know the number 22
23no@mail.me,I dont know the number 23
24no@mail.me,I dont know the number 24
25no@mail.me,I dont know the number 25
26no@mail.me,I dont know the number 26
27no@mail.me,I dont know the number 27
28no@mail.me,I dont know the number 28
29no@mail.me,I dont know the number 29
30no@mail.me,I dont know the number 30
31no@mail.me,I dont know the number 31
32no@mail.me,I dont know the number 32
33no@mail.me,I dont know the number 33
34no@mail.me,I dont know the number 34
35no@mail.me,I dont know the number 35
36no@mail.me,I dont know the number 36
37no@mail.me,I dont know the number 37
38no@mail.me,I dont know the number 38
39no@mail.me,I dont know the number 39
40no@mail.me,I dont know the number 40
41no@mail.me,I dont know the number 41
42no@mail.me,I dont know the number 42
43no@mail.me,I dont know the number 43
44no@mail.me,I dont know the number 44
45no@mail.me,I dont know the number 45
46no@mail.me,I dont know the number 46
47no@mail.me,I dont know the number 47
48no@mail.me,I dont know the number 48
49no@mail.me,I dont know the number 49
50no@mail.me,I dont know the number 50
51no@mail.me,I dont know the number 51
52no@mail.me,I dont know the number 52
53no@mail.me,I dont know the number 53
54no@mail.me,I dont know the number 54
55no@mail.me,I dont know the number 55
56no@mail.me,I dont know the number 56
57no@mail.me,I dont know the number 57
58no@mail.me,I dont know the number 58
59no@mail.me,I dont know the number 59
60no@mail.me,I dont know the number 60
61no@mail.me,I dont know the number 61
62no@mail.me,I dont know the number 62
63no@mail.me,I dont know the number 63
64no@mail.me,I dont know the number 64
65no@mail.me,I dont know the number 65
66no@mail.me,I dont know the number 66
67no@mail.me,I dont know the number 67
68no@mail.me,I dont know the number 68
69no@mail.me,I dont know the number 69
70no@mail.me,I dont know the number 70
71no@mail.me,I dont know the number 71
72no@mail.me,I dont know the number 72
73no@mail.me,I dont know the number 73
74no@mail.me,I dont know the number 74
75no@mail.me,I dont know the number 75
76no@mail.me,I dont know the number 76
77no@mail.me,I dont know the number 77
78no@mail.me,I dont know the number 78
79no@mail.me,I dont know the number 79
80no@mail.me,I dont know the number 80
81no@mail.me,I dont know the number 81
82no@mail.me,I dont know the number 82
83no@mail.me,I dont know the number 83
84no@mail.me,I dont know the number 84
85no@mail.me,I dont know the number 85
86no@mail.me,I dont know the number 86
87no@mail.me,I dont know the number 87
88no@mail.me,I dont know the number 88
89no@mail.me,I dont know the number 89
90no@mail.me,I dont know the number 90
91no@mail.me,I dont know the number 91
92no@mail.me,I dont know the number 92
93no@mail.me,I dont know the number 93
94no@mail.me,I dont know the number 94
95no@mail.me,I dont know the number 95
96no@mail.me,I dont know the number 96
97no@mail.me,I dont know the number 97
98no@mail.me,I dont know the number 98
99no@mail.me,I dont know the number 99
100no@mail.me,I dont know the number 100
101no@mail.me,I dont know the number 101
102no@mail.me,I dont know the number 102
103no@mail.me,I dont know the number 103
104no@mail.me,I dont know the number 104
105no@mail.me,I dont know the number 105
106no@mail.me,I dont know the number 106
107no@mail.me,I dont know the number 107
108no@mail.me,I dont know the number 108
109no@mail.me,I dont know the number 109
110no@mail.me,I dont know the number 110
111no@mail.me,I dont know the number 111
112no@mail.me,I dont know the number 112
113no@mail.me,I dont know the number 113
114no@mail.me,I dont know the number 114
115no@mail.me,I dont know the number 115
116no@mail.me,I dont know the number 116
117no@mail.me,I dont know the number 117
118no@mail.me,I dont know the number 118
119no@mail.me,I dont know the number 119
120no@mail.me,I dont know the number 120
121no@mail.me,I dont know the number 121
122no@mail.me,I dont know the number 122
123no@mail.me,I dont know the number 123
124no@mail.me,I dont know the number 124
125no@mail.me,I dont know the number 125
126no@mail.me,I dont know the number 126
127no@mail.me,I dont know the number 127
128no@mail.me,I dont know the number 128
129no@mail.me,I dont know the number 129
130no@mail.me,I dont know the number 130
131no@mail.me,I dont know the number 131
132no@mail.me,I dont know the number 132
133no@mail.me,I dont know the number 133
134no@mail.me,I dont know the number 134
135no@mail.me,I dont know the number 135
136no@mail.me,I dont know the number 136
137no@mail.me,I dont know the number 137
138no@mail.me,I dont know the number 138
139no@mail.me,I dont know the number 139
140no@mail.me,I dont know the number 140
141no@mail.me,I dont know the number 141
142no@mail.me,I dont know the number 142
143no@mail.me,I dont know the number 143
144no@mail.me,I dont know the number 144
145no@mail.me,I dont know the number 145
146no@mail.me,I dont know the number 146
147no@mail.me,I dont know the number 147
148no@mail.me,I dont know the number 148
149no@mail.me,I dont know the number 149
150no@mail.me,I dont know the number 150
151no@mail.me,I dont know the number 151
152no@mail.me,I dont know the number 152
153no@mail.me,I dont know the number 153
154no@mail.me,I dont know the number 154
155no@mail.me,I dont know the number 155
156no@mail.me,I dont know the number 156
157no@mail.me,I dont know the number 157
158no@mail.me,I dont know the number 158
159no@mail.me,I dont know the number 159
160no@mail.me,I dont know the number 160
161no@mail.me,I dont know the number 161
162no@mail.me,I dont know the number 162
163no@mail.me,I dont know the number 163
164no@mail.me,I dont know the number 164
165no@mail.me,I dont know the number 165
166no@mail.me,I dont know the number 166
167no@mail.me,I dont know the number 167
168no@mail.me,I dont know the number 168
169no@mail.me,I dont know the number 169
170no@mail.me,I dont know the number 170
171no@mail.me,I dont know the number 171
172no@mail.me,I dont know the number 172
173no@mail.me,I dont know the number 173
174no@mail.me,I dont know the number 174
175no@mail.me,I dont know the number 175
176no@mail.me,I dont know the number 176
177no@mail.me,I dont know the number 177
178no@mail.me,I dont know the number 178
179no@mail.me,I dont know the number 179
180no@mail.me,I dont know the number 180
181no@mail.me,I dont know the number 181
182no@mail.me,I dont know the number 182
183no@mail.me,I dont know the number 183
184no@mail.me,I dont know the number 184
185no@mail.me,I dont know the number 185
186no@mail.me,I dont know the number 186
187no@mail.me,I dont know the number 187
188no@mail.me,I dont know the number 188
189no@mail.me,I dont know the number 189
190no@mail.me,I dont know the number 190
191no@mail.me,I dont know the number 191
192no@mail.me,I dont know the number 192
193no@mail.me,I dont know the number 193
194no@mail.me,I dont know the number 194
195no@mail.me,I dont know the number 195
196no@mail.me,I dont know the number 196
197no@mail.me,I dont know the number 197
198no@mail.me,I dont know the number 198
199no@mail.me,I dont know the number 199
200no@mail.me,I dont know the number 200
201no@mail.me,I dont know the number 201
202no@mail.me,I dont know the number 202
203no@mail.me,I dont know the number 203
204no@mail.me,I dont know the number 204
205no@mail.me,I dont know the number 205
206no@mail.me,I dont know the number 206
207no@mail.me,I dont know the number 207
208no@mail.me,I dont know the number 208
209no@mail.me,I dont know the number 209
210no@mail.me,I dont know the number 210
211no@mail.me,I dont know the number 211
212no@mail.me,I dont know the number 212
213no@mail.me,I dont know the number 213
214no@mail.me,I dont know the number 214
215no@mail.me,I dont know the number 215
216no@mail.me,I dont know the number 216
217no@mail.me,I dont know the number 217
218no@mail.me,I dont know the number 218
219no@mail.me,I dont know the number 219
220no@mail.me,I dont know the number 220
221no@mail.me,I dont know the number 221
222no@mail.me,I dont know the number 222
223no@mail.me,I dont know the number 223
224no@mail.me,I dont know the number 224
225no@mail.me,I dont know the number 225
226no@mail.me,I dont know the number 226
227no@mail.me,I dont know the number 227
228no@mail.me,I dont know the number 228
229no@mail.me,I dont know the number 229
230no@mail.me,I dont know the number 230
231no@mail.me,I dont know the number 231
232no@mail.me,I dont know the number 232
233no@mail.me,I dont know the number 233
234no@mail.me,I dont know the number 234
235no@mail.me,I dont know the number 235
236no@mail.me,I dont know the number 236
237no@mail.me,I dont know the number 237
238no@mail.me,I dont know the number 238
239no@mail.me,I dont know the number 239
240no@mail.me,I dont know the number 240
241no@mail.me,I dont know the number 241
242no@mail.me,I dont know the number 242
243no@mail.me,I dont know the number 243
244no@mail.me,I dont know the number 244
245no@mail.me,I dont know the number 245
246no@mail.me,I dont know the number 246
247no@mail.me,I dont know the number 247
248no@mail.me,I dont know the number 248
249no@mail.me,I dont know the number 249
250no@mail.me,I dont know the number 250
